{
    "epoch": 1746716866,
    "P_inst.LTE_en_KW": 283.27227783203125,
    "Puissance_integre_LTE": 242.57061767578125,
    "Battery_SOC": 67.19999694824219,
    "Battery_WSet": 65.13577270507812,
    "BcpLonNetwork.S16E_L116_V_E.EngyPosSum": 312.8000183105469,
    "BcpLonNetwork.S16E_L116_V_E.PowerSum": 0.0,
    "BcpLonNetwork.S16E_L116_V_E.PowerFactorAvg": 0.9998477697372437,
    "BcpLonNetwork.L230_SE1_SE.EngyPosSum": 16010.6005859375,
    "BcpLonNetwork.L230_SE1_SE.PowerSum": 0.0,
    "BcpLonNetwork.L230_SE1_SE.PowerFactorAvg": 0.9998477697372437,
    "PMA_ajuste_Bacnet": 416.4100036621094,
    "C_RATE_Bacnet": 34.33000183105469,
    "PMA_cible_CALENDRIER_prog": 200.0034942626953,
    "PMA_AJUSTE_prog": 245.97056579589844,
    "PMA_C_RATE_prog": 50.0,
    "BcpLonNetwork.Syst13_E2.EngyPosSum": 0.0,
    "BcpLonNetwork.Syst13_E2.PowerFactorAvg": 1.0,
    "BcpLonNetwork.Syst13_E2.PowerSum": 0.0,
    "BcpLonNetwork.L230_SE2_SE.EngyPosSum": 152.6999969482422,
    "BcpLonNetwork.L230_SE2_SE.PowerSum": 0.0,
    "BcpLonNetwork.L230_SE2_SE.PowerFactorAvg": 0.9998477697372437,
    "BcpLonNetwork.S4E2_L120_V_E.EngyPosSum": 6812.89990234375,
    "BcpLonNetwork.S4E2_L120_V_E.PowerSum": 261.8563537597656,
    "BcpLonNetwork.S4E2_L120_V_E.PowerFactorAvg": 0.8803689479827881,
    "BcpLonNetwork.S14E_L134_V_E.EngyPosSum": 30206.400390625,
    "BcpLonNetwork.S14E_L134_V_E.PowerSum": -0.581200897693634,
    "BcpLonNetwork.S14E_L134_V_E.PowerFactorAvg": 0.6607476472854614,
    "BcpLonNetwork.S12E1_L138_V_E.EngyPosSum": 2625.900146484375,
    "BcpLonNetwork.S12E1_L138_V_E.PowerSum": 128.90248107910156,
    "BcpLonNetwork.S12E1_L138_V_E.PowerFactorAvg": 0.9403156042098999,
    "BcpLonNetwork.L111_119_CP.EngyPosSum": 62056.19921875,
    "BcpLonNetwork.L111_119_CP.PowerSum": -7.169553279876709,
    "BcpLonNetwork.L111_119_CP.PowerFactorAvg": -1.0,
    "BcpLonNetwork.L120_CP.EngyPosSum": 171326.0,
    "BcpLonNetwork.L120_CP.PowerSum": 10.473280906677246,
    "BcpLonNetwork.L120_CP.PowerFactorAvg": 0.8292126059532166,
    "BcpLonNetwork.L128_SE10_SE.EngyPosSum": 98092.203125,
    "BcpLonNetwork.L128_SE10_SE.PowerSum": 8300.169921875,
    "BcpLonNetwork.L128_SE10_SE.PowerFactorAvg": 0.9986803531646729,
    "BcpLonNetwork.L112A_113_CP.EngyPosSum": 31184.201171875,
    "BcpLonNetwork.L112A_113_CP.PowerSum": -32.610191345214844,
    "BcpLonNetwork.L112A_113_CP.PowerFactorAvg": -1.0,
    "BcpLonNetwork.L136_NI.EngyPosSum": 37808.5,
    "BcpLonNetwork.L136_NI.PowerSum": 596.9038696289062,
    "BcpLonNetwork.L136_NI.PowerFactorAvg": 0.9998857975006104,
    "BcpLonNetwork.L101_CP.EngyPosSum": 32847.1015625,
    "BcpLonNetwork.L101_CP.PowerSum": 0.0,
    "BcpLonNetwork.L101_CP.PowerFactorAvg": 1.0,
    "BcpLonNetwork.L107_L109_ESCPRINC_CP.EngyPosSum": 114793.203125,
    "BcpLonNetwork.L107_L109_ESCPRINC_CP.PowerSum": 1042.2884521484375,
    "BcpLonNetwork.L113_ECS3_CP_L112A_113_CP.EngyPosSum": 12421.5,
    "BcpLonNetwork.L113_ECS3_CP_L112A_113_CP.PowerSum": 0.0,
    "BcpLonNetwork.L113_ECS3_CP_L112A_113_CP.PowerFactorAvg": 0.0,
    "BcpLonNetwork.L110B_SE11_SE.EngyPosSum": 1589.5999755859375,
    "BcpLonNetwork.L110B_SE11_SE.PowerSum": 0.09239387512207031,
    "BcpLonNetwork.L110B_SE11_SE.PowerFactorAvg": 0.003141075139865279,
    "BcpLonNetwork.L121_132_AER_SE.EngyPosSum": 61330.1015625,
    "BcpLonNetwork.L121_132_AER_SE.PowerSum": 9.111429214477539,
    "BcpLonNetwork.L121_132_AER_SE.PowerFactorAvg": 0.18356607854366302,
    "BcpLonNetwork.L125_126_CP.EngyPosSum": 174788.796875,
    "BcpLonNetwork.L125_126_CP.PowerSum": 4085.650634765625,
    "BcpLonNetwork.L125_126_CP.PowerFactorAvg": 0.9989849328994751,
    "BcpLonNetwork.L132A_CP.EngyPosSum": 62831.90234375,
    "BcpLonNetwork.L132A_CP.PowerSum": 1924.6124267578125,
    "BcpLonNetwork.L132A_CP.PowerFactorAvg": 0.9997268319129944,
    "BcpLonNetwork.L105_108B_CP.EngyPosSum": 35445.40234375,
    "BcpLonNetwork.L105_108B_CP.PowerSum": 0.0,
    "BcpLonNetwork.L105_108B_CP.PowerFactorAvg": 1.0,
    "BcpLonNetwork.L118B_CP.EngyPosSum": 40182.5,
    "BcpLonNetwork.L118B_CP.PowerSum": 0.0,
    "BcpLonNetwork.L118B_CP.PowerFactorAvg": 1.0,
    "BcpLonNetwork.L102_103_ESC2_CP.EngyPosSum": 56837.1015625,
    "BcpLonNetwork.L102_103_ESC2_CP.PowerSum": 0.0,
    "BcpLonNetwork.L102_103_ESC2_CP.PowerFactorAvg": 1.0,
    "BcpLonNetwork.L116_117B_CP.EngyPosSum": 14244.5,
    "BcpLonNetwork.L116_117B_CP.PowerSum": 10.502949714660645,
    "BcpLonNetwork.L116_117B_CP.PowerFactorAvg": 0.8002268075942993,
    "BcpLonNetwork.L108A_108D_CP.EngyPosSum": 17712.400390625,
    "BcpLonNetwork.L108A_108D_CP.PowerSum": 0.0,
    "BcpLonNetwork.L108A_108D_CP.PowerFactorAvg": 1.0,
    "BcpLonNetwork.S4E3_L126_V_E.EngyPosSum": 1332.300048828125,
    "BcpLonNetwork.S4E3_L126_V_E.PowerSum": 4.826830863952637,
    "BcpLonNetwork.S4E3_L126_V_E.PowerFactorAvg": 0.5689350366592407,
    "BcpLonNetwork.L206C_D_E_SE18_17_13_SE.EngyPosSum": 9.100000381469727,
    "BcpLonNetwork.L206C_D_E_SE18_17_13_SE.PowerSum": 0.0,
    "BcpLonNetwork.L206C_D_E_SE18_17_13_SE.PowerFactorAvg": 1.0,
    "BcpLonNetwork.L110F_128A_129_130_141_ESC4_SE23_24_CP.EngyPosSum": 205.60000610351562,
    "BcpLonNetwork.L110F_128A_129_130_141_ESC4_SE23_24_CP.PowerSum": 3.919379234313965,
    "BcpLonNetwork.L110F_128A_129_130_141_ESC4_SE23_24_CP.PowerFactorAvg": 0.42625680565834045,
    "BcpLonNetwork.L224_S11E_V_E.EngyPosSum": 168580.5,
    "BcpLonNetwork.L224_S11E_V_E.PowerSum": 0.0,
    "BcpLonNetwork.L224_S11E_V_E.PowerFactorAvg": 0.9998477697372437,
    "BcpLonNetwork.L225_S10E_V_E.EngyPosSum": 1.3000000715255737,
    "BcpLonNetwork.L225_S10E_V_E.PowerSum": 0.0,
    "BcpLonNetwork.L225_S10E_V_E.PowerFactorAvg": 1.0,
    "BcpLonNetwork.S3E1_V_E.EngyPosSum": 55368.30078125,
    "BcpLonNetwork.S3E1_V_E.PowerSum": 557.2861328125,
    "BcpLonNetwork.S3E1_V_E.PowerFactorAvg": 0.6074079871177673,
    "BcpLonNetwork.S3E2_V_E.EngyPosSum": 45036.19921875,
    "BcpLonNetwork.S3E2_V_E.PowerSum": 459.66326904296875,
    "BcpLonNetwork.S3E2_V_E.PowerFactorAvg": 0.5291440486907959,
    "BcpLonNetwork.S3E3_V_E.EngyPosSum": 65718.703125,
    "BcpLonNetwork.S3E3_V_E.PowerSum": 807.2896728515625,
    "BcpLonNetwork.S3E3_V_E.PowerFactorAvg": 0.7864128351211548,
    "BcpLonNetwork.S3E8_V_E.EngyPosSum": 22.200000762939453,
    "BcpLonNetwork.S3E8_V_E.PowerSum": 0.0,
    "BcpLonNetwork.S3E8_V_E.PowerFactorAvg": 1.0,
    "BcpLonNetwork.S3E_V_E.EngyPosSum": 24438.701171875,
    "BcpLonNetwork.S3E_V_E.PowerSum": 314.9036560058594,
    "BcpLonNetwork.S3E_V_E.PowerFactorAvg": 0.974751889705658,
    "BcpLonNetwork.S2_HUM.EngyPosSum": 94723.3046875,
    "BcpLonNetwork.S2_HUM.PowerSum": 0.0,
    "BcpLonNetwork.S2_HUM.PowerFactorAvg": 1.0,
    "BcpLonNetwork.S1_HUM.EngyPosSum": 251625.5,
    "BcpLonNetwork.S1_HUM.PowerSum": 0.0,
    "BcpLonNetwork.S1_HUM.PowerFactorAvg": 1.0,
    "BcpLonNetwork.L206B_SE14_1_SE.EngyPosSum": 96574.3984375,
    "BcpLonNetwork.L206B_SE14_1_SE.PowerSum": 1303.9697265625,
    "BcpLonNetwork.L206B_SE14_1_SE.PowerFactorAvg": 0.9991238713264465,
    "BcpLonNetwork.L206A_SE14_2_SE.EngyPosSum": 16532.701171875,
    "BcpLonNetwork.L206A_SE14_2_SE.PowerSum": 13.276902198791504,
    "BcpLonNetwork.L206A_SE14_2_SE.PowerFactorAvg": 0.5385765433311462,
    "BcpLonNetwork.L201A_CCT7_CP.EngyPosSum": 41936.69921875,
    "BcpLonNetwork.L201A_CCT7_CP.PowerSum": 0.0,
    "BcpLonNetwork.L201A_CCT7_CP.PowerFactorAvg": 1.0,
    "BcpLonNetwork.L201A_CCT9_CP.EngyPosSum": 40470.30078125,
    "BcpLonNetwork.L201A_CCT9_CP.PowerSum": 0.0,
    "BcpLonNetwork.L201A_CCT9_CP.PowerFactorAvg": 1.0,
    "BcpLonNetwork.L207_208_213_221_222_ESC3_CP.EngyPosSum": 3817.400146484375,
    "BcpLonNetwork.L207_208_213_221_222_ESC3_CP.PowerSum": 0.0,
    "BcpLonNetwork.L207_208_213_221_222_ESC3_CP.PowerFactorAvg": 1.0,
    "BcpLonNetwork.L227_235_236_ESC4_CP.EngyPosSum": 42733.69921875,
    "BcpLonNetwork.L227_235_236_ESC4_CP.PowerSum": 0.0,
    "BcpLonNetwork.L227_235_236_ESC4_CP.PowerFactorAvg": 1.0,
    "BcpLonNetwork.L226A_226B_SE15_16_SE.EngyPosSum": 4947.80029296875,
    "BcpLonNetwork.L226A_226B_SE15_16_SE.PowerSum": 0.0,
    "BcpLonNetwork.L226A_226B_SE15_16_SE.PowerFactorAvg": 0.9998477697372437,
    "BcpLonNetwork.L209_210B_210C_CP.EngyPosSum": 34073.40234375,
    "BcpLonNetwork.L209_210B_210C_CP.PowerSum": 406.8334655761719,
    "BcpLonNetwork.L209_210B_210C_CP.PowerFactorAvg": 0.9998477697372437,
    "BcpLonNetwork.L212_217_218_CP.EngyPosSum": 4282.80029296875,
    "BcpLonNetwork.L212_217_218_CP.PowerSum": 1265.907958984375,
    "BcpLonNetwork.L212_217_218_CP.PowerFactorAvg": 0.9990013837814331,
    "BcpLonNetwork.L202_203_205E_CP.EngyPosSum": 8160.30029296875,
    "BcpLonNetwork.L202_203_205E_CP.PowerSum": 0.0,
    "BcpLonNetwork.L202_203_205E_CP.PowerFactorAvg": 0.9998477697372437,
    "BcpLonNetwork.L206C_D_E_SE18_17_13_SE_2.EngyPosSum": 23668.900390625,
    "BcpLonNetwork.L206C_D_E_SE18_17_13_SE_2.PowerSum": 0.0,
    "BcpLonNetwork.L206C_D_E_SE18_17_13_SE_2.PowerFactorAvg": 0.9998477697372437,
    "BcpLonNetwork.L204_205A_ESC2_CP.EngyPosSum": 15530.900390625,
    "BcpLonNetwork.L204_205A_ESC2_CP.PowerSum": 0.0,
    "BcpLonNetwork.L204_205A_ESC2_CP.PowerFactorAvg": 0.9998477697372437,
    "BcpLonNetwork.L219_220_CP.EngyPosSum": 10908.7998046875,
    "BcpLonNetwork.L219_220_CP.PowerSum": 0.0,
    "BcpLonNetwork.L219_220_CP.PowerFactorAvg": 0.9998477697372437,
    "BcpLonNetwork.L205B_CP.EngyPosSum": 6474.5,
    "BcpLonNetwork.L205B_CP.PowerSum": 0.0,
    "BcpLonNetwork.L205B_CP.PowerFactorAvg": 0.9998477697372437,
    "BcpLonNetwork.S3R_V_R.EngyPosSum": 284045.59375,
    "BcpLonNetwork.S3R_V_R.PowerSum": 4245.35205078125,
    "BcpLonNetwork.S3R_V_R.PowerFactorAvg": 0.9890449643135071,
    "BcpLonNetwork.S2R_V_R.EngyPosSum": 47077.80078125,
    "BcpLonNetwork.S2R_V_R.PowerSum": 975.1072387695312,
    "BcpLonNetwork.S2R_V_R.PowerFactorAvg": 0.9900708198547363,
    "BcpLonNetwork.S3A_V_A.EngyPosSum": 1037375.3125,
    "BcpLonNetwork.S3A_V_A.PowerSum": 14719.939453125,
    "BcpLonNetwork.S3A_V_A.PowerFactorAvg": 0.9907079935073853,
    "BcpLonNetwork.S1A_V_A.EngyPosSum": 105864.8046875,
    "BcpLonNetwork.S1A_V_A.PowerSum": 2230.458740234375,
    "BcpLonNetwork.S1A_V_A.PowerFactorAvg": 0.9934563040733337,
    "BcpLonNetwork.S1R_V_R.EngyPosSum": 45351.5,
    "BcpLonNetwork.S1R_V_R.PowerSum": 886.6007080078125,
    "BcpLonNetwork.S1R_V_R.PowerFactorAvg": 0.9959871172904968,
    "BcpLonNetwork.S2A_V_A.EngyPosSum": 50418.6015625,
    "BcpLonNetwork.S2A_V_A.PowerSum": 812.352294921875,
    "BcpLonNetwork.S2A_V_A.PowerFactorAvg": 0.9974141120910645,
    "BcpLonNetwork.S3_HUM.EngyPosSum": 201233.90625,
    "BcpLonNetwork.S3_HUM.PowerSum": 0.0,
    "BcpLonNetwork.S3_HUM.PowerFactorAvg": 1.0,
    "BcpLonNetwork.REFG_REF.EngyPosSum": 139988.703125,
    "BcpLonNetwork.REFG_REF.PowerSum": -171.23521423339844,
    "BcpLonNetwork.REFG_REF.PowerFactorAvg": -0.20443932712078094,
    "BcpLonNetwork.S3_SE3_SE.EngyPosSum": 1132624.875,
    "BcpLonNetwork.S3_SE3_SE.PowerSum": -3145.08447265625,
    "BcpLonNetwork.S3_SE3_SE.PowerFactorAvg": -0.3265766203403473,
    "BcpLonNetwork.S3E4_V_E.EngyPosSum": 9.800000190734863,
    "BcpLonNetwork.S3E4_V_E.PowerSum": 0.0,
    "BcpLonNetwork.S3E4_V_E.PowerFactorAvg": 1.0,
    "BcpLonNetwork.S3E6_V_E.EngyPosSum": 56.70000076293945,
    "BcpLonNetwork.S3E6_V_E.PowerSum": 0.0,
    "BcpLonNetwork.S3E6_V_E.PowerFactorAvg": 1.0,
    "BcpLonNetwork.L121_AC.EngyPosSum": 13528.1005859375,
    "BcpLonNetwork.L121_AC.PowerSum": 59.50086975097656,
    "BcpLonNetwork.L121_AC.PowerFactorAvg": 0.5282514095306396,
    "BcpLonNetwork.L116_AC.EngyPosSum": 53.900001525878906,
    "BcpLonNetwork.L116_AC.PowerSum": 0.999509334564209,
    "BcpLonNetwork.L116_AC.PowerFactorAvg": 0.36703360080718994,
    "BcpLonNetwork.L110A2_110C_SE21_19_SE.EngyPosSum": 14181.7001953125,
    "BcpLonNetwork.L110A2_110C_SE21_19_SE.PowerSum": -0.46273884177207947,
    "BcpLonNetwork.L110A2_110C_SE21_19_SE.points.PowerFactorAvg": 0.6607476472854614,
    "BcpLonNetwork.L110A1_SE22_SE.EngyPosSum": 4220.89990234375,
    "BcpLonNetwork.L110A1_SE22_SE.PowerSum": 0.0,
    "BcpLonNetwork.L110A1_SE22_SE.PowerFactorAvg": 0.9998477697372437,
    "BcpLonNetwork.S12A_VSE_A.EngyPosSum": 4236.60009765625,
    "BcpLonNetwork.S12A_VSE_A.PowerSum": 0.0,
    "BcpLonNetwork.S12A_VSE_A.PowerFactorAvg": 0.9998477697372437,
    "WHAvail": 118.0,
    "PcMinChargeBatGdp": 20.0,
    "WHRtg": 186.0,
    "WSetGdp": 0.0,
    "WDisChaRteMax": 93.0,
    "KwhDispoGdp": 80.80000305175781,
    "Nb_Heure_Hilo_AM": 3.0,
    "Nb_Heure_Hilo_PM": 4.0,
    "TEMP_M35_Hilo": 100.0,
    "Peak_Jan": 517.13330078125,
    "Peak_Fev": 555.8382568359375,
    "Peak_Mar": 465.2637939453125,
    "Peak_Avr": 415.85247802734375,
    "Peak_Mai": 421.0635070800781,
    "Peak_Jun": 379.8114013671875,
    "Peak_Jui": 344.80828857421875,
    "Peak_Aou": 333.5820617675781,
    "Peak_Sep": 305.1293029785156,
    "Peak_Oct": 305.49237060546875,
    "Peak_Nov": 344.7049865722656,
    "Peak_Dec": 537.0452880859375,
    "Kwh_JourAct": 1598.75,
    "Kwh_JourDernier": 3644.0,
    "Peak_JourDernier": 369.2300109863281,
    "Peak_Jour": 283.2699890136719,
    "KW_total_LTE": 3652215.25,
    "MargeSecurite": 5.0,
    "PcDechargeMax_LTE1_selon_C_rate": 93.0,
    "Capacite_de_la_batterie1": 118.0,
    "PMA_CIBLE_MAX_Mois_Actuel": 210.52999877929688,
    "analogValue_41": 245.97056579589844,
    "LTE_KW_Integree_15M_plus_P_Bat": 268.7818908691406,
    "Seuil_recharge": 243.97056579589844,
    "Marge_de_controle": 243.97056579589844,
    "Marge_ajustement_positif": 247.97056579589844,
    "LTE_KW_Integree_15M_PG": 246.27206420898438,
    "DER_Measure_AC.W": 19.600000381469727,
    "analogValue_40": 199.5,
    "Programmation.LTE_P_INT_J_PRECEDENT.LTE_P_INT_00H_J_PREC": 143.36474609375,
    "Programmation.LTE_P_INT_J_PRECEDENT.LTE_P_INT_01H_J_PREC": 143.9259796142578,
    "Programmation.LTE_P_INT_J_PRECEDENT.LTE_P_INT_02H_J_PREC": 143.1359405517578,
    "Programmation.LTE_P_INT_J_PRECEDENT.LTE_P_INT_03H_J_PREC": 181.02072143554688,
    "Programmation.LTE_P_INT_J_PRECEDENT.LTE_P_INT_04H_J_PREC": 142.78077697753906,
    "Programmation.LTE_P_INT_J_PRECEDENT.LTE_P_INT_05H_J_PREC": 160.632568359375,
    "Programmation.LTE_P_INT_J_PRECEDENT.LTE_P_INT_06H_J_PREC": 169.78663635253906,
    "Programmation.LTE_P_INT_J_PRECEDENT.LTE_P_INT_07H_J_PREC": 189.77757263183594,
    "Programmation.LTE_P_INT_J_PRECEDENT.LTE_P_INT_08H_J_PREC": 183.35348510742188,
    "Programmation.LTE_P_INT_J_PRECEDENT.LTE_P_INT_09H_J_PREC": 203.77684020996094,
    "Programmation.LTE_P_INT_J_PRECEDENT.LTE_P_INT_10H_J_PREC": 213.1060791015625,
    "Programmation.LTE_P_INT_J_PRECEDENT.LTE_P_INT_11H_J_PREC": 224.3421630859375,
    "Programmation.LTE_P_INT_J_PRECEDENT.LTE_P_INT_12H_J_PREC": 286.044921875,
    "Programmation.LTE_P_INT_J_PRECEDENT.LTE_P_INT_13H_J_PREC": 285.4954528808594,
    "Programmation.LTE_P_INT_J_PRECEDENT.LTE_P_INT_14H_J_PREC": 247.5580291748047,
    "Programmation.LTE_P_INT_J_PRECEDENT.LTE_P_INT_15H_J_PREC": 207.93557739257812,
    "Programmation.LTE_P_INT_J_PRECEDENT.LTE_P_INT_16H_J_PREC": 198.35748291015625,
    "Programmation.LTE_P_INT_J_PRECEDENT.LTE_P_INT_17H_J_PREC": 211.1787872314453,
    "Programmation.LTE_P_INT_J_PRECEDENT.LTE_P_INT_18H_J_PREC": 190.2235565185547,
    "Programmation.LTE_P_INT_J_PRECEDENT.LTE_P_INT_19H_J_PREC": 190.81292724609375,
    "Programmation.LTE_P_INT_J_PRECEDENT.LTE_P_INT_20H_J_PREC": 190.86550903320312,
    "Programmation.LTE_P_INT_J_PRECEDENT.LTE_P_INT_21H_J_PREC": 195.98373413085938,
    "Programmation.LTE_P_INT_J_PRECEDENT.LTE_P_INT_22H_J_PREC": 176.87557983398438,
    "Programmation.LTE_P_INT_J_PRECEDENT.LTE_P_INT_23H_J_PREC": 184.86376953125,
    "Programmation.GestionPMA LTE.Kp": 3.4946236610412598,
    "Programmation.GDP.GDP_HEURE_DEBUT_AM_API": 6.0,
    "Programmation.GDP.GDP_HEURE_FIN_AM_API": 9.0,
    "Programmation.GDP.GDP_JOUR_API": 12.0,
    "Programmation.GDP.GDP_MOIS_API": 2.0,
    "Programmation.GDP.GDP_ANNEE_API": 2025.0,
    "Programmation.GDP.GDP_HEURE_DEBUT_PM_API": 16.0,
    "Programmation.GDP.GDP_HEURE_FIN_PM_API": 20.0,
    "Programmation.Ajustement_Pmax_decharge.Pmax_predit": 257.1499938964844,
    "Programmation.LTE_P_INT_DIMANCHE.LTE_P_INT_00H_DIMANCHE": 183.95765686035156,
    "Programmation.LTE_P_INT_DIMANCHE.LTE_P_INT_01H_DIMANCHE": 184.0971221923828,
    "Programmation.LTE_P_INT_DIMANCHE.LTE_P_INT_02H_DIMANCHE": 184.9588623046875,
    "Programmation.LTE_P_INT_DIMANCHE.LTE_P_INT_03H_DIMANCHE": 148.29469299316406,
    "Programmation.LTE_P_INT_DIMANCHE.LTE_P_INT_04H_DIMANCHE": 156.88504028320312,
    "Programmation.LTE_P_INT_DIMANCHE.LTE_P_INT_05H_DIMANCHE": 165.01438903808594,
    "Programmation.LTE_P_INT_DIMANCHE.LTE_P_INT_06H_DIMANCHE": 179.8659210205078,
    "Programmation.LTE_P_INT_DIMANCHE.LTE_P_INT_07H_DIMANCHE": 205.14356994628906,
    "Programmation.LTE_P_INT_DIMANCHE.LTE_P_INT_08H_DIMANCHE": 197.07736206054688,
    "Programmation.LTE_P_INT_DIMANCHE.LTE_P_INT_09H_DIMANCHE": 208.4217529296875,
    "Programmation.LTE_P_INT_DIMANCHE.LTE_P_INT_10H_DIMANCHE": 227.1904754638672,
    "Programmation.LTE_P_INT_DIMANCHE.LTE_P_INT_11H_DIMANCHE": 241.72947692871094,
    "Programmation.LTE_P_INT_DIMANCHE.LTE_P_INT_12H_DIMANCHE": 286.044921875,
    "Programmation.LTE_P_INT_DIMANCHE.LTE_P_INT_13H_DIMANCHE": 285.4954528808594,
    "Programmation.LTE_P_INT_DIMANCHE.LTE_P_INT_14H_DIMANCHE": 247.5580291748047,
    "Programmation.LTE_P_INT_DIMANCHE.LTE_P_INT_15H_DIMANCHE": 207.93557739257812,
    "Programmation.LTE_P_INT_DIMANCHE.LTE_P_INT_16H_DIMANCHE": 198.35748291015625,
    "Programmation.LTE_P_INT_DIMANCHE.LTE_P_INT_17H_DIMANCHE": 211.1787872314453,
    "Programmation.LTE_P_INT_DIMANCHE.LTE_P_INT_18H_DIMANCHE": 190.2235565185547,
    "Programmation.LTE_P_INT_DIMANCHE.LTE_P_INT_19H_DIMANCHE": 190.81292724609375,
    "Programmation.LTE_P_INT_DIMANCHE.LTE_P_INT_20H_DIMANCHE": 190.86550903320312,
    "Programmation.LTE_P_INT_DIMANCHE.LTE_P_INT_21H_DIMANCHE": 195.98373413085938,
    "Programmation.LTE_P_INT_DIMANCHE.LTE_P_INT_22H_DIMANCHE": 176.87557983398438,
    "Programmation.LTE_P_INT_DIMANCHE.LTE_P_INT_23H_DIMANCHE": 184.86376953125
}