{
    "specversion": "1.0",
    "type": "ca.qc.hydro.scci",
    "time": "2025-05-09T14:05:17.267907+00:00",
    "id": "db96289e-cc6d-406d-8f7f-c2525eb925d2",
    "source": "scci-dev-01",
    "subject": "",
    "datacontenttype": "application/json; charset=utf-8",
    "data": {
        "epoch": 1746799514,
        "SP_REF_CAL": 55.0,
        "Temp_Max_Ref": 55.0,
        "M/A Hydra": 1,
        "SP_POW_REF": 2420,
        "FIT-02": 0.02,
        "FIT-01": 0.01,
        "TE16 Ret panneau": 19.2,
        "TE17 Alm panneau": 20.2,
        "TE18 Sort rés P": 19.4,
        "TE19 Ent rés P": 22.5,
        "TE20 Haut réserv": 5.5,
        "TE21 Mil réserv": 5.1,
        "TE22 Bas réserv": 5.1,
        "TE23 Sort rés R": 11.5,
        "TE24 Ent rés R": 9.7,
        "TE25 Ent ref": 4.3,
        "TE26 Sort ref": 4.1,
        "PT01 Sor cir pan": 10.12,
        "PT02 Ent cir pan": 11.02,
        "PT03 Ent cir ref": 11.25,
        "PT04 Sor cir ref": 11.57,
        "AV_P_T_Pan": 0.0,
        "AV_P_T_Ref": 0.0,
        "SP_REF_MAX": 55.0,
        "SP_REF_MIN": 200.0,
        "IN_PID_REF": 56.32,
        "Start Hydra": 1,
        "M/A P1": 1,
        "M/A P2": 1,
        "ST_P1": 0,
        "ST_P2": 1,
        "P_Panneau": 0.0,
        "P_Refroidisseur": 0.0840999984741211,
        "T moy sor pan": 0.05599999904632568,
        "CKWh_refroidiss": 8414.01,
        "CKWh_par depart": 0.0,
        "PKWh_Panneau": 6059.54,
        "PKWh_par depart": 0.0,
        "TE4 Sortie B2": 6.0,
        "TE9 Sortie B9": 5.3,
        "TE14 Sortie B18": 5.5,
        "TE5 Entrée B2": 5.3,
        "TE10 Entrée B9": 5.2,
        "TE15 Entrée B18": 5.5,
        "Pyranomètre": 37.9,
        "TE02 Sor B1/B6": 10.4,
        "TE07 Sor B7/B12": 6.4,
        "TE12 Sor B13/B18": 5.9,
        "Puissance Ond": 5.68,
        "Puissance Hydra": -0.2203125,
        "Puissance P1": -0.01,
        "Puissance P2": 0.0
    }
}