{
    "version": "0.2",
    "version_date": "2024-10-03",
    "main_thread_interval_sec": 0.1,
    "pipelines": [
        {
            "name": "cloud2device",
            "class": "cloud2device",
            "json_schema": "",
            "config": "",
            "apply_global_validation_rules": false,
            "validation_rules": {},
            "max_payload_size_bytes": 65536,
            "thread_interval_sec": 0.1,
            "source_broker": {
                "class": "iotdevice",
                "topic": "none",
                "throttle_max_message_sec": 20,
                "throttle_sleep_sec": 1.0
            },
            "destination_broker": {
                "class": "iotedge",
                "topic": ""
            },
            "cloud_event": {
            }
        },
        {
            "name": "Zigbee",
            "class": "zigbee",
            "json_schema": "/config/schemas/zigbee-schema.json",
            "config": "/config/zigbee.json",
            "apply_global_validation_rules": false,
            "validation_rules": {},
            "max_payload_size_bytes": 1024,
            "thread_interval_sec": 0.1,
            "source_broker": {
                "class": "iotedge",
                "topic": "zigbee-devices",
                "mqtt": {
                    "host": "eclipse-mosquitto",
                    "host_dev": "host.docker.internal",
                    "port": 1883,
                    "id": "zeppelin_zigbee_src",
                    "keepalive": 60,
                    "qos": 1
                },
                "throttle_max_message_sec": 20,
                "throttle_sleep_sec": 1.0
            },
            "destination_broker": {
                "class": "iotedge",
                "topic": "zigbee",
                "mqtt": {
                    "host": "eclipse-mosquitto",
                    "host_dev": "host.docker.internal",
                    "port": 1883,
                    "id": "zeppelin_zigbee_dst",
                    "keepalive": 3600,
                    "qos": 1
                }
            },
            "cloud_event": {
                "specversion": "1.0",
                "type": "ca.qc.hydro.iot.zigbee",
                "time": "2024-06-20T13:33:33Z",
                "id": "1d07944a-ee4b-453a-b81f-0774b8e4f647",
                "source": "",
                "subject": "",
                "datacontenttype": "application/json; charset=utf-8",
                "dataversion": "1.0",
                "data": {}
            }
        },
        {
            "name": "eGauge",
            "class": "egauge",
            "json_schema": "/config/schemas/egauge-schema.json",
            "config": "",
            "apply_global_validation_rules": false,
            "validation_rules": {},
            "max_payload_size_bytes": 11264,
            "thread_interval_sec": 0.1,
            "source_broker": {
                "class": "iotedge",
                "topic": "modbus-egauge",
                "mqtt": {
                    "host": "eclipse-mosquitto",
                    "host_dev": "host.docker.internal",
                    "port": 1883,
                    "id": "zeppelin_egauge_src",
                    "keepalive": 60,
                    "qos": 1
                },
                "throttle_max_message_sec": 20,
                "throttle_sleep_sec": 1.0
            },
            "destination_broker": {
                "class": "iotedge",
                "topic": "egauge",
                "mqtt": {
                    "host": "eclipse-mosquitto",
                    "host_dev": "host.docker.internal",
                    "port": 1883,
                    "id": "zeppelin_egauge_dst",
                    "keepalive": 60,
                    "qos": 1
                }
            },
            "cloud_event": {
                "specversion": "1.0",
                "type": "ca.qc.hydro.iot.egauge",
                "time": "2024-06-20T13:33:33Z",
                "id": "1d07944a-ee4b-453a-b81f-0774b8e4f647",
                "source": "",
                "subject": "",
                "datacontenttype": "application/json; charset=utf-8",
                "dataversion": "1.1",
                "data": {}
            }
        }
    ],
    "global_validation_rules": {
        "units": [
            "kwh",
            "w",
            "v",
            "mv",
            "a",
            "vh",
            "kw",
            "hz",
            "va",
            "hpa",
            "μs",
            "s",
            "sec",
            "min",
            "hour",
            "day",
            "month",
            "year",
            "°c",
            "%",
            "lqi",
            "lx"
        ],
        "values": [
            {
                "type": "unit",
                "name": "second",
                "units": [
                    "s"
                ],
                "min": 0,
                "max": null
            },
            {
                "type": "unit",
                "name": "micro-second",
                "units": [
                    "us",
                    "μs"
                ],
                "min": 0,
                "max": null
            },
            {
                "type": "unit",
                "name": "temperature-celsius",
                "units": [
                    "C",
                    "°C"
                ],
                "min": -100,
                "max": 100
            },
            {
                "type": "unit",
                "name": "volt",
                "units": [
                    "V"
                ],
                "min": 0,
                "max": 300
            },
            {
                "type": "unit",
                "name": "amp",
                "units": [
                    "A"
                ],
                "min": 0,
                "max": 200
            },
            {
                "type": "unit",
                "name": "cumulative-watt-hour",
                "units": [
                    "kwh"
                ],
                "min": 0,
                "max": null
            },
            {
                "type": "unit",
                "name": "watt",
                "units": [
                    "w"
                ],
                "min": 0,
                "max": 100
            }
        ]
    }
}