{
    "version": "0.1",
    "version_date": "2024-06-12",
    "log_data_filename": "/logs/zeppelin-data.log",
    "main_thread_interval_sec": 0.1,
    "broker": {
        "class": "mqtt",
        "mqtt": {
            "host": "host.docker.internal",
            "host_dev": "host.docker.internal",
            "port": 1883,
            "id": "zeppelin",
            "keepalive": 3600
        },
        "throttle_max_message_sec": 20,
        "throttle_sleep_sec": 1.0
    },
    "pipelines": [
        {
            "class": "zigbee",
            "source_topic": "zigbee-devices",
            "destination_topic": "zigbee",
            "json_schema": "/config/schemas/zigbee-schema.json",
            "config": "/config/zigbee.json",
            "apply_global_validation_rules": false,
            "validation_rules": {},
            "max_payload_size_bytes": 1024,
            "cloud_event": {
                "specversion": "1.0",
                "type": "ca.qc.hydro.iot.zigbee",
                "time": "2018-05-29T03:56;24Z",
                "id": "1d07944a-ee4b-453a-b81f-0774b8e4f647",
                "source": "",
                "datacontenttype": "application/json; charset=utf-8",
                "data": {}
            }
        },
        {
            "class": "egauge",
            "source_topic": "modbus-egauge",
            "destination_topic": "egauge",
            "json_schema": "/config/schemas/egauge-schema.json",
            "config": "",
            "apply_global_validation_rules": false,
            "validation_rules": {},
            "max_payload_size_bytes": 11264,
            "cloud_event": {
                "specversion": "1.0",
                "type": "ca.qc.hydro.iot.egauge",
                "time": "2018-05-29T03:56;24Z",
                "id": "1d07944a-ee4b-453a-b81f-0774b8e4f647",
                "source": "",
                "datacontenttype": "application/json; charset=utf-8",
                "data": {}
            }
        }
    ],
    "global_validation_rules": {
        "units": [
            "kwh",
            "w",
            "v",
            "mv",
            "a",
            "vh",
            "kw",
            "hz",
            "va",
            "hpa",
            "μs",
            "s",
            "sec",
            "min",
            "hour",
            "day",
            "month",
            "year",
            "°c",
            "%",
            "lqi"
        ],
        "values": [
            {
                "type": "unit",
                "name": "second",
                "units": [
                    "s"
                ],
                "min": 0,
                "max": null
            },
            {
                "type": "unit",
                "name": "micro-second",
                "units": [
                    "us",
                    "μs"
                ],
                "min": 0,
                "max": null
            },
            {
                "type": "unit",
                "name": "temperature-celsius",
                "units": [
                    "C",
                    "°C"
                ],
                "min": -100,
                "max": 100
            },
            {
                "type": "unit",
                "name": "volt",
                "units": [
                    "V"
                ],
                "min": 0,
                "max": 300
            },
            {
                "type": "unit",
                "name": "amp",
                "units": [
                    "A"
                ],
                "min": 0,
                "max": 200
            },
            {
                "type": "unit",
                "name": "cumulative-watt-hour",
                "units": [
                    "kwh"
                ],
                "min": 0,
                "max": null
            },
            {
                "type": "unit",
                "name": "watt",
                "units": [
                    "w"
                ],
                "min": 0,
                "max": 100
            }
        ]
    }
}